"Reference","Value","Footprint","Datasheet","Manufacturer_Part_Number","Mouser Price/Stock","Cdad"
"BZ1","Buzzer","Buzzer_Beeper:Buzzer_12x9.5RM7.6","https://www.mouser.com/datasheet/2/683/IE122303-1-358179.pdf","IE122303-1","https://www.mouser.com/ProductDetail/DB-Unlimited/IE122303-1?qs=t9M3m0YJX4Pshgw16sFkww%3D%3D","1"
"C1","100uf","Capacitor_SMD:CP_Elec_6.3x5.4","https://www.mouser.com/datasheet/2/88/AVS-3081846.pdf","AVS107M16D16T-F","https://www.mouser.com/ProductDetail/Cornell-Dubilier-CDE/AVS107M16D16T-F?qs=u%2FwaHUGkize1SB4PlytTlQ%3D%3D","1"
"C2-C5, C8, C9, C12, C14, C15","100nf","-- valores mixtos --","https://www.mouser.com/datasheet/2/212/KEM_C1023_X7R_AUTO_SMD-1093309.pdf","C0603C104K5RAC3121","https://www.mouser.com/ProductDetail/KEMET/C0603C104K5RAC3121?qs=oBCMsStVSxe1EkGyoyETtg%3D%3D","9"
"C6, C7","22uf","Capacitor_SMD:CP_Elec_4x5.4","https://www.mouser.com/datasheet/2/212/KEM_A4049_EDH-1102962.pdf","EDH226M016S9BAA","https://www.mouser.com/ProductDetail/KEMET/EDH226M016S9BAA?qs=E9QF1UCAUX7nxIYoqFIcRw%3D%3D","2"
"C10, C11","4.7 uF","Capacitor_SMD:CP_Elec_4x5.4","https://www.mouser.com/datasheet/2/315/AAB8000C193-947353.pdf","10SVP4R7M","https://www.mouser.com/ProductDetail/Panasonic/10SVP4R7M?qs=sGAEpiMZZMvwFf0viD3Y3eoMVEnKb7U0ksTMrK9k4v4%3D","2"
"C13","10nF","Capacitor_SMD:C_0603_1608Metric","https://www.mouser.com/datasheet/2/396/Taiyo_Yuden_19_MAASL063SB7103MFCA01_SS-3007189.pdf","MAASL063SB7103MFCA01","https://www.mouser.com/ProductDetail/TAIYO-YUDEN/MAASL063SB7103MFCA01?qs=sGAEpiMZZMsh%252B1woXyUXj3XUfju0vRpjQpE8z53Gdps%3D","1"
"D1","M7","M7:DIOM5327X240N","https://www.mouser.in/datasheet/2/849/m1-2577421.pdf","M7","https://www.mouser.co.uk/ProductDetail/Diotec-Semiconductor/M7?qs=OlC7AqGiEDln9itgkDD%2F2A%3D%3D","1"
"D2","Green_Led","LED_SMD:LED_1206_3216Metric","https://www.rohm.com/datasheet?p=SML-S13PT&dist=Mouser&media=referral&source=mouser.com&campaign=Mouser","SML-S13PTT68","https://www.mouser.com/ProductDetail/ROHM-Semiconductor/SML-S13PTT68?qs=4v%252BiZTmLVHF1CiFCK4FhNg%3D%3D","1"
"D3-D8","Red_Led","LED_SMD:LED_1206_3216Metric","https://www.rohm.com/datasheet?p=SML-S13UT&dist=Mouser&media=referral&source=mouser.com&campaign=Mouser","SML-S13UTT68","https://www.mouser.com/ProductDetail/ROHM-Semiconductor/SML-S13UTT68?qs=4v%252BiZTmLVHFyCyX4u00HAg%3D%3D","6"
"D9-D14","Blue_Led","LED_SMD:LED_1206_3216Metric","https://www.mouser.com/datasheet/2/678/AV02_0977EN_2020_10_28-1827813.pdf","HSMR-C150","https://www.mouser.com/ProductDetail/Broadcom-Avago/HSMR-C150?qs=YDL0qNrpDT5KBl5KNuuRTw%3D%3D","6"
"D15-D18","Yellow_Led","LED_SMD:LED_1206_3216Metric","https://www.rohm.com/datasheet?p=SML-S13YT&dist=Mouser&media=referral&source=mouser.com&campaign=Mouser","SML-S13YTT68","https://www.mouser.com/ProductDetail/ROHM-Semiconductor/SML-S13YTT68?qs=4v%252BiZTmLVHEFfQ9Y%252BRzD2Q%3D%3D","4"
"J1-J3, J5","TB2","TerminalBlock_MetzConnect:TerminalBlock_MetzConnect_Type011_RT05502HBWC_1x02_P5.00mm_Horizontal","https://www.mouser.com/datasheet/2/670/tb002_500-2306853.pdf","TB002-500-02BE","https://www.mouser.com/ProductDetail/CUI-Devices/TB002-500-02BE?qs=vLWxofP3U2x9716kcgva%2Fw%3D%3D","4"
"J4","TB3","TerminalBlock_MetzConnect:TerminalBlock_MetzConnect_Type011_RT05503HBWC_1x03_P5.00mm_Horizontal","https://www.mouser.com/ProductDetail/Wurth-Elektronik/691101710003?qs=sGAEpiMZZMvPvGwLNS6716dt6ZVWwiEWzaX66vJ18k3R%252BMiBr1Z3eA%3D%3D","691101710003","https://www.mouser.com/datasheet/2/445/691101710003-3089887.pdf","1"
"K1","FINDER-40.31","Relay_THT:Relay_SPDT_Finder_40.31","http://gfinder.findernet.com/assets/Series/353/S40EN.pdf","40.31.8.230.0000","https://us.rs-online.com/product/finder/40-31-8-230-0000/70747659/","1"
"Q1","BSP75N","Package_TO_SOT_SMD:SOT-223","https://www.infineon.com/dgdl/Infineon-BSP75N-DS-v01_04-en.pdf?fileId=db3a30431ed1d7b2011f471f5a0256d1","BSP75N","https://www.mouser.com/ProductDetail/Infineon-Technologies/BSP75N?qs=mzcOS1kGbgciYG9zcnO7wA%3D%3D","1"
"Q2","BC817","Package_TO_SOT_SMD:SOT-23","https://www.mouser.com/datasheet/2/345/bc817-2449263.pdf","BC817","https://www.mouser.com/ProductDetail/Rectron/BC817?qs=sGAEpiMZZMv4z0HnGdrLjpmIkAq6PyBQ7oNXGWBs7ys%3D","1"
"R1-R18","220","-- valores mixtos --","https://www.mouser.com/datasheet/2/427/crcw0201e3-1761851.pdf","CRCW0201220KFKED","https://www.mouser.com/ProductDetail/Vishay-Dale/CRCW0201220KFKED?qs=NYScm%2FwlDDYNqmB%252BWqlp%252Bw%3D%3D","18"
"R19, R20","100","Resistor_SMD:R_0603_1608Metric","https://www.mouser.com/datasheet/2/315/PANA_S_A0013004771_1-2522297.pdf","ERA-1AEB101C","https://www.mouser.com/ProductDetail/Panasonic/ERA-1AEB101C?qs=sGAEpiMZZMtlubZbdhIBIAI3Iw0L1RezpWppR4YTbHk%3D","2"
"R21","1K","Resistor_SMD:R_0603_1608Metric","https://www.mouser.com/datasheet/2/418/8/ENG_DS_1773200_N2-2297240.pdf","CPF0201B1K0E1","https://www.mouser.com/ProductDetail/TE-Connectivity-Holsworthy/CPF0201B1K0E1?qs=sGAEpiMZZMtlubZbdhIBIJ2VesJ5mRFW1s9QtbH8KUc%3D","1"
"RV1, RV2","20K","Potentiometer_THT:Potentiometer_ACP_CA6-H2,5_Horizontal","https://www.mouser.com/datasheet/2/670/ptn06-3075547.pdf","PTN06-B20CC20","https://www.mouser.com/ProductDetail/CUI-Devices/PTN06-B20CC20?qs=rQFj71Wb1eXGBEJHGeLHfA%3D%3D","2"
"U1","AMS1117-3.3","Package_TO_SOT_SMD:SOT-223-3_TabPin2","https://www.ti.com/general/docs/suppproductinfo.tsp?distId=26&gotoUrl=https://www.ti.com/lit/gpn/reg1117","REG1117-3.3","https://www.mouser.com/ProductDetail/Texas-Instruments/REG1117-3.3?qs=sSOk4GDDv7y9bL0tER%2FZXw%3D%3D","1"
"U2","AMS1117-5.0","Package_TO_SOT_SMD:SOT-223-3_TabPin2","https://www.ti.com/general/docs/suppproductinfo.tsp?distId=26&gotoUrl=https://www.ti.com/lit/gpn/reg1117","REG1117-5","https://www.mouser.com/ProductDetail/Texas-Instruments/REG1117-5?qs=sSOk4GDDv7yzZiRJiNDqvA%3D%3D","1"
"U3, U6","ULN2003","Package_SO:SOIC-16_4.55x10.3mm_P1.27mm","http://www.ti.com/lit/ds/symlink/uln2003a.pdf","ULN2004AD","https://www.mouser.com/ProductDetail/Texas-Instruments/ULN2004AD?qs=w32V8uFkMxnZ%2FGfS4ds%2FgQ%3D%3D","2"
"U4","MQ-6","Sensor:MQ-6","https://www.winsen-sensor.com/d/files/semiconductor/mq-6.pdf","MQ-6","https://www.ebay.com/itm/191834810651?hash=item2caa3ee91b:g:Ny8AAOSwzvlW9KBp&amdata=enc%3AAQAHAAAA4FqEZDcgKNEkk1btbbmFxm1Nma3o3wLs2C8%2BsgFTHapwymcN6F4PoUX4WFlI6Y9lP6DaWhPdRo%2F7FlM73Nh8LNUgHjzjbaDNJdxCiK7bEHtTFDq1mFYre3d%2FYDvSDXL81v0doZOuwKM2ZjDZreGn7L%2BDzdlB6Y3pvcOxlTu1wm4eDJIKUHexa%2FNeDVHhazvqU%2Fv%2FayXbViA4MI3Ca4xsGe5EanH0Tdf992zxOe7MlfTun0oACh1nit5hRtZpe%2FKRd1CE6VFxLGtcJ3AkhUw6sMTH%2BxDDPz2At5taMMYZZY2g%7Ctkp%3ABk9SR_jwxODnYQ","1"
"U5","ESP32-DEVKITC","esp32:MODULE_ESP32-DEVKITC","https://esp-idf.readthedocs.io/en/latest/get-started/get-started-devkitc.html","ESP32-DevKitC","https://www.mouser.com/ProductDetail/Espressif-Systems/ESP32-DevKitC?qs=chTDxNqvsyn3pn4VyZwnyQ%3D%3D","1"
"U7","MPU-6500","MPU-6500:QFN40P300X300X95-25N","https://product.tdk.com/system/files/dam/doc/product/sensor/mortion-inertial/imu/data_sheet/mpu-6500-datasheet2.pdf?ref_disty=mouser","MPU-6500","https://www.mouser.com/ProductDetail/TDK-InvenSense/MPU-6500?qs=u4fy%2FsgLU9PiIOIlWOSPhQ%3D%3D","1"
